2.1792,0.2392,0.83613,959.31,-859.97,30
1.9919,0.22002,0.90898,830.36,-730.63,30
2.4901,0.17302,1,732.17,-651.81,25.953
2.2941,0.16755,1,672.36,-595.74,25.132
1.8005,0.24681,0.81032,885.67,-786.4,30
1.657,0.21807,0.91707,741.4,-641.62,29.998
1.6288,0.15502,0.95437,509.89,-446.37,22.193
1.9962,0.19388,0.99999,722.68,-627.04,29.082
1.5176,0.1681,0.93225,535.27,-466.62,23.507
1.7402,0.2442,0.819,859.09,-759.8,30
2.336,0.20485,0.97632,843.68,-743.42,30
1.7106,0.20738,0.96372,713.99,-613.95,29.978
2.4939,0.20454,0.9778,877.33,-777.06,30
2.3714,0.21445,0.93264,896.95,-797.05,30
2.3534,0.18967,1,778.93,-686.52,28.45
2.4476,0.17357,1,726.64,-645.91,26.036
1.537,0.23391,0.85503,767.43,-668.01,30
2.3155,0.24842,0.80508,1037.4,-938.17,30
1.8314,0.15313,0.99351,535.63,-469.03,22.821
2.1101,0.19444,1,748.8,-652.72,29.166
1.7596,0.18434,0.97983,638.25,-552.78,27.093
1.7724,0.19188,0.98223,668.87,-577.54,28.271
1.6778,0.17208,0.964,578.28,-503.23,24.883
1.9192,0.23127,0.86479,857.59,-758.13,30
1.7963,0.19544,0.98678,687.21,-592.5,28.928
1.8324,0.19914,0.99328,708.88,-610.22,29.671
2.4351,0.16629,1,692.38,-616.59,24.944
1.8866,0.21317,0.93821,777.22,-677.28,29.999
1.8629,0.20803,0.96132,751.1,-650.98,29.998
2.1041,0.22137,0.90346,863.5,-763.81,30
1.8771,0.16786,0.99981,598.12,-521.32,25.174
2.3104,0.24285,0.82355,1011.2,-911.87,30
1.5742,0.17477,0.94355,568.54,-494.4,24.736
1.6368,0.22908,0.87303,776.38,-676.87,30
1.8081,0.17099,0.9891,597.71,-520.16,25.368
2.4509,0.17259,1,722.93,-642.88,25.888
2.1254,0.17763,1,682.84,-599.25,26.645
2.3246,0.24303,0.82296,1015.9,-916.56,30
1.6217,0.21168,0.94432,709.64,-609.74,29.984
1.5191,0.17663,0.93254,564.39,-490.53,24.707
2.3809,0.15751,1,644.86,-574.8,23.626
2.0128,0.2074,0.96428,782.51,-682.35,29.999
2.0114,0.22591,0.88532,859.47,-759.89,30
2.1898,0.15713,1,610.85,-541.03,23.57
1.5135,0.20622,0.93133,665.21,-571.66,28.809
1.5419,0.16909,0.93712,543.06,-473.23,23.768
2.1317,0.19638,1,761.44,-663.84,29.457
2.0053,0.19769,0.99999,739.91,-641.29,29.653
1.8653,0.20312,0.98437,731.77,-631.49,29.991
1.7195,0.2128,0.93975,736.63,-636.69,29.997
1.6125,0.16248,0.95117,532.93,-465.39,23.181
1.5564,0.18388,0.94,596.58,-517.09,25.927
2.3336,0.1605,1,649.51,-577.53,24.075
1.8219,0.19151,0.99169,677.45,-584.95,28.487
1.9706,0.23724,0.84303,895.02,-795.65,30
1.5507,0.17496,0.93887,564.73,-491.09,24.639
1.8049,0.17506,0.98852,612.28,-532.05,25.958
2.1806,0.19518,1,766.74,-670.09,29.277
1.5537,0.21427,0.93276,703.01,-603.22,29.98
2.2755,0.1827,1,733.17,-645.94,27.405
2.359,0.17834,1,730.72,-646.63,26.752
2.163,0.15144,1,583.29,-517.03,22.715
2.318,0.16569,1,668.79,-593.41,24.853
1.6068,0.23324,0.85746,783.45,-684.02,30
1.9777,0.20034,0.99814,744.73,-644.31,29.995
1.673,0.20242,0.96291,687.18,-591.11,29.236
2.066,0.18826,1,714.38,-623.04,28.239
2.0358,0.15448,0.99999,574.34,-506.2,23.172
1.9043,0.15931,0.99995,570.64,-499.44,23.896
1.6687,0.21955,0.9109,749.69,-649.95,29.999
2.3293,0.21218,0.94259,876.49,-776.51,30
2.1557,0.18346,1,712.71,-624.93,27.519
1.9835,0.2197,0.91034,826.97,-727.23,30
2.22,0.24573,0.8139,998.76,-899.48,30
1.7811,0.20762,0.9631,730.91,-630.79,29.994
2.374,0.21827,0.91631,915.47,-815.69,30
1.757,0.1596,0.9794,547.22,-478.19,23.446
2.3791,0.15071,1,615.51,-549.7,22.607
1.6985,0.21873,0.91434,753.89,-654.13,29.999
1.7054,0.24066,0.83105,836.51,-737.18,30
2.0522,0.21627,0.92477,829.21,-729.37,30
1.7648,0.16698,0.98087,575.37,-501.49,24.568
1.5784,0.17637,0.94439,574.84,-499.59,24.984
1.7999,0.23166,0.86334,828.08,-728.62,30
1.8883,0.2036,0.98214,738.81,-638.53,29.995
1.5307,0.21659,0.92309,705.72,-605.95,29.989
2.0734,0.18097,1,686.34,-600.37,27.146
1.8598,0.21156,0.94533,764.51,-664.51,29.999
2.2323,0.17581,1,695.69,-613.39,26.372
2.1914,0.15556,1,604.72,-535.89,23.335
1.7706,0.20183,0.98147,706.07,-607.3,29.713
1.5865,0.21384,0.9349,709.23,-609.37,29.988
2.2104,0.21885,0.91386,878.52,-778.75,30
1.9117,0.22055,0.9068,812.9,-713.19,30
2.2257,0.21009,0.95199,842.87,-742.82,30
2.1172,0.18585,1,714.89,-625.34,27.878
2.2919,0.15354,1,613.14,-545.58,23.031
1.5971,0.21353,0.93628,710.62,-610.75,29.989
1.7364,0.15296,0.97538,520.03,-455.48,22.379
2.4263,0.18417,1,769.4,-681.1,27.625
1.8492,0.23508,0.85075,854.19,-754.79,30
1.8123,0.15568,0.98989,541.97,-474.18,23.116
2.2377,0.21091,0.94828,849.36,-749.33,30
1.6163,0.18882,0.95192,626.05,-541.52,26.961
1.6908,0.23551,0.8492,813.79,-714.4,30
2.1375,0.17102,1,658.16,-579.18,25.653
2.2766,0.23284,0.85896,957.41,-857.97,30
1.9553,0.20116,0.99408,743.35,-642.96,29.995
2.1599,0.16478,1,636.82,-562.04,24.717
1.591,0.17152,0.9469,560.41,-487.87,24.362
2.2967,0.21733,0.92027,892.5,-792.69,30
1.7072,0.21119,0.94688,727.66,-627.67,29.995
2.0023,0.22418,0.89212,850.08,-750.46,30
1.75,0.21516,0.92947,752.8,-652.93,29.998
2.4362,0.16718,1,696.42,-620.05,25.076
2.2159,0.24139,0.82852,978.79,-879.47,30
1.6182,0.16871,0.95228,555.57,-484.12,24.098
2.3424,0.24235,0.82525,1017.7,-918.43,30
2.2591,0.23948,0.83513,982.2,-882.86,30
2.4813,0.23152,0.86386,1004.7,-905.29,30
2.3695,0.24266,0.8242,1026.6,-927.28,30
2.4751,0.22698,0.88114,981.56,-882.01,30
1.8835,0.15364,0.99987,545.82,-478.21,23.043
2.2487,0.19571,1,783.37,-686.3,29.356
1.6242,0.22088,0.90544,743.63,-643.93,29.999
2.1564,0.16401,1,633.03,-558.76,24.601
1.5209,0.19274,0.93289,619.95,-535.62,26.971
1.6971,0.17299,0.96776,585.03,-508.91,25.111
2.3764,0.19007,1,785.41,-692.7,28.51
1.8354,0.20699,0.96612,740.68,-640.53,29.996
1.7628,0.19647,0.98038,684.18,-589.73,28.892
1.9946,0.15784,0.99999,580.47,-510.2,23.676
1.9596,0.19753,0.99999,729.52,-631.02,29.628
2.3091,0.19799,1,806.07,-707.2,29.698
1.7482,0.23984,0.83388,845.14,-745.8,30
1.501,0.19228,0.92889,614.17,-530.72,26.79
2.3989,0.19164,1,797,-703.08,28.746
1.8411,0.22622,0.88408,817.73,-718.16,30
1.7033,0.18601,0.96896,633.36,-548.28,27.035
1.7221,0.20291,0.97228,699.69,-601.64,29.593
1.5028,0.24333,0.82193,790.31,-691.01,30
2.0965,0.15391,1,582.19,-514.4,23.086
2.2882,0.24819,0.80584,1028.7,-929.42,30
2.465,0.20897,0.95708,892.54,-792.44,30
2.1354,0.20404,0.98016,795.39,-695.1,29.999
1.7681,0.20137,0.98108,703.79,-605.44,29.634
2.1694,0.1791,1,697.35,-612.72,26.865
2.3649,0.23434,0.85344,987.42,-888.01,30
1.5443,0.1553,0.93761,496.85,-434.96,21.841
1.969,0.15863,0.99999,579.15,-508.38,23.794
1.8197,0.23606,0.84723,850.12,-750.74,30
1.6221,0.18155,0.95305,601.39,-521.62,25.953
2.0924,0.18538,1,707.97,-618.78,27.807
1.9786,0.23654,0.84553,894.34,-794.96,30
1.7357,0.18455,0.97524,634.39,-549.42,26.997
2.247,0.18774,1,748.96,-658,28.162
2.3356,0.20619,0.96996,849.91,-749.71,30
1.9814,0.24055,0.83144,911.27,-811.95,30
2.1748,0.24093,0.83013,965.55,-866.23,30
1.8025,0.20518,0.97445,726.1,-625.91,29.99
2.4251,0.23629,0.84643,1012.3,-912.94,30
1.8736,0.1685,0.99974,599.92,-522.69,25.269
2.3739,0.20998,0.95246,876.53,-776.47,30
1.7282,0.19825,0.97373,683.59,-588.86,28.956
1.8167,0.19843,0.9905,702.87,-605.23,29.482
2.0423,0.18672,0.99999,703.37,-613.18,28.008
2.0768,0.16831,1,636.11,-558.98,25.247
1.5275,0.1503,0.93424,477.39,-418.61,21.063
2.498,0.16031,1,677.14,-605.28,24.047
2.4053,0.18716,1,778.46,-687.94,28.074
1.6598,0.19076,0.96046,641.89,-554.73,27.483
1.5775,0.20362,0.94413,670.48,-576.66,28.837
2.4779,0.23597,0.84755,1024.9,-925.53,30
1.7845,0.18652,0.98464,651.23,-563.47,27.549
1.812,0.24547,0.81476,883.8,-784.52,30
2.1413,0.23743,0.84236,941.53,-842.17,30
2.1852,0.21535,0.92869,856.96,-757.09,30
2.3074,0.16494,1,663.72,-588.84,24.741
2.3977,0.21668,0.92301,913.73,-813.9,30
2.439,0.20911,0.95644,887.27,-787.18,30
2.2013,0.16991,1,665.32,-587.11,25.486
1.611,0.15215,0.95087,497.1,-435.59,21.701
2.0329,0.19684,0.99999,742.34,-644.38,29.525
2.0848,0.18519,1,705.68,-616.63,27.778
2.0862,0.20862,0.95867,804.4,-704.3,29.999
2.383,0.16334,1,670.29,-596.46,24.501
2.21,0.22535,0.88751,907.12,-807.53,30
1.6923,0.16,0.96683,537.87,-470.03,23.204
1.564,0.18305,0.94153,595.25,-516.08,25.853
2.2179,0.22146,0.90308,891.93,-792.24,30
2.0551,0.22349,0.89489,860.37,-760.74,30
2.4296,0.22502,0.88882,960.81,-861.21,30
1.855,0.20799,0.9615,749.14,-649.02,29.997
2.3407,0.24174,0.82734,1014.5,-915.17,30
1.8441,0.21371,0.93582,769.38,-669.46,29.999
2.1201,0.22679,0.88189,890.66,-791.1,30
1.6658,0.15245,0.96166,506.94,-444.13,21.99
2.4798,0.18287,1,774.2,-686.86,27.43
2.0947,0.17617,1,671.05,-588.5,26.426
2.2736,0.22649,0.88302,928.26,-828.7,30
1.7089,0.22482,0.8896,779.08,-679.48,29.999
1.6416,0.19811,0.95684,664.64,-572.77,28.434
1.8145,0.24784,0.80698,893.46,-794.2,30
1.9213,0.22475,0.88987,832.09,-732.49,30
2.1667,0.21687,0.92219,859.25,-759.43,30
2.263,0.24529,0.81536,1008.8,-909.55,30
1.5678,0.16601,0.94229,537.22,-468.61,23.464
2.1979,0.20059,0.99702,793.54,-693.1,29.999
1.9497,0.23574,0.8484,883.41,-784.02,30
2.286,0.2448,0.81701,1013,-913.76,30
2.3893,0.17019,1,701.02,-622.61,25.528
2.059,0.1623,0.99999,609.03,-535.88,24.344
2.4539,0.24608,0.81273,1065.7,-966.46,30
1.5257,0.1794,0.93386,575.11,-499.34,25.13
1.8383,0.20217,0.98847,722.01,-621.77,29.976
1.7836,0.22757,0.87885,808.32,-708.78,30
1.8077,0.20171,0.98772,713.56,-613.81,29.885
2.0221,0.22076,0.90594,840.82,-741.12,30
1.6452,0.23536,0.84976,801.12,-701.73,30
2.0993,0.16971,1,645.83,-567.74,25.457
2.1456,0.24484,0.81686,974.2,-874.92,30
1.9231,0.17756,0.99997,643.76,-560.23,26.633
1.6521,0.2332,0.85764,795.18,-695.75,30
2.4696,0.17735,1,747.57,-664.19,26.603
2.1285,0.19732,1,764.67,-666.33,29.598
2.0247,0.24103,0.82979,925.01,-825.69,30
2.1615,0.15605,1,601.66,-532.53,23.407
2.0098,0.23377,0.85554,891.35,-791.93,30
2.1488,0.15495,1,595.09,-526.65,23.243
2.2612,0.21273,0.94015,863.11,-763.15,30
1.5717,0.22824,0.87623,756.73,-657.2,29.999
1.6608,0.19249,0.96063,648.32,-559.91,27.736
2.3949,0.17991,1,744.49,-659.28,26.987
2.0208,0.16667,0.99999,619.49,-543.46,25
1.6381,0.22268,0.89811,753.61,-653.95,29.999
2.15,0.23818,0.8397,947.1,-847.75,30
1.7017,0.23678,0.84467,821.32,-721.95,30
2.4012,0.18169,1,753.53,-667.04,27.254
1.7927,0.22379,0.89367,796.17,-696.55,30
2.0008,0.15408,0.99999,566.99,-499.09,23.112
2.3468,0.19439,1,798.25,-702.22,29.158
1.8608,0.15978,0.99871,564.98,-493.62,23.937
1.6279,0.18788,0.9542,625.05,-540.84,26.891
2.253,0.16299,1,645.92,-572.32,24.449
2.409,0.19987,1,835.85,-735.48,29.981
2.4219,0.20708,0.9658,873.6,-773.43,30
1.8244,0.16643,0.99222,583.61,-508.7,24.77
2.3138,0.22117,0.9043,914.18,-814.48,30
2.3174,0.24912,0.80282,1041.1,-941.83,30
2.2298,0.22959,0.8711,930.87,-831.37,30
2.4108,0.16214,1,669.99,-596.95,24.321
1.7525,0.2306,0.8673,811.77,-712.29,30
2.3555,0.18331,1,751.62,-663.95,27.497
2.1147,0.16892,1,645.47,-567.92,25.338
1.7673,0.18031,0.98132,624.82,-541.96,26.542
1.8752,0.24965,0.80112,917.59,-818.34,30
1.9406,0.15895,0.99998,575.49,-504.51,23.841
1.9427,0.15728,0.99998,569.5,-499.59,23.592
2.3492,0.23252,0.86014,974.95,-875.51,30
1.8948,0.20856,0.95888,760.51,-660.41,29.998
2.1075,0.21577,0.92692,840.27,-740.42,30
2.0406,0.15176,0.99999,564.55,-498.1,22.764
2.2701,0.2441,0.81932,1005.6,-906.31,30
1.7895,0.16153,0.98558,559.65,-488.69,23.881
1.934,0.1837,0.99998,669.72,-581.77,27.554
1.6462,0.16099,0.95782,533.55,-466.14,23.13
1.5356,0.19955,0.93583,646.83,-557.32,28.012
1.8223,0.22205,0.9007,796.81,-697.14,30
2.3032,0.17378,1,700.49,-619.61,26.067
1.9851,0.1905,0.99999,706.88,-613.83,28.575
1.5392,0.1757,0.93658,565.09,-491.28,24.683
2.4669,0.1627,1,682.24,-608.84,24.404
1.7251,0.20949,0.95451,725.32,-625.29,29.994
2.1646,0.23688,0.84429,945.45,-846.08,30
1.7558,0.22285,0.89745,783.42,-683.77,29.999
2.017,0.17975,0.99999,670.45,-585.36,26.962
2.4591,0.16075,1,672.32,-600.19,24.112
1.67,0.15267,0.96248,508.41,-445.39,22.042
1.5941,0.2001,0.94746,661.55,-569.76,28.438
1.6037,0.15193,0.94943,495.18,-433.95,21.637
1.8476,0.22038,0.90749,796.54,-696.82,30
2.3315,0.15777,1,637.56,-567.34,23.665
1.6547,0.18467,0.95947,618.92,-536.15,26.578
1.7268,0.16943,0.97355,577.57,-503.02,24.742
2.4707,0.24399,0.81972,1060.6,-961.34,30
2.4555,0.21594,0.92619,924.02,-824.17,30
2.0759,0.1722,1,651.53,-571.74,25.83
1.7915,0.18481,0.98595,646.2,-559.48,27.332
2.0367,0.24356,0.82117,938.64,-839.35,30
1.5082,0.22579,0.88573,732.09,-632.52,29.998
1.5283,0.24642,0.81161,807.88,-708.61,30
2.2064,0.19332,1,764.3,-669.09,28.999
1.9257,0.21055,0.94984,775.72,-675.69,29.999
1.5881,0.199,0.94627,656.31,-565.5,28.246
1.8985,0.17188,0.99994,617.34,-537.78,25.781
1.6499,0.21783,0.91808,738.82,-639.04,29.998
1.7302,0.21476,0.93121,746.56,-646.68,29.998
2.3395,0.17531,1,713.87,-631.93,26.296
1.6896,0.23482,0.8517,810.96,-711.55,30
1.5551,0.1746,0.93975,564.32,-490.79,24.611
2.1715,0.1771,1,689.5,-606.29,26.566
1.9472,0.17694,0.99998,645.99,-562.9,26.541
1.57,0.15011,0.94273,483.58,-424.05,21.227
1.891,0.19283,0.99993,696.57,-601.75,28.922
2.222,0.1764,1,696.2,-613.49,26.46
1.7148,0.19302,0.97117,661.43,-571,28.119
1.9634,0.24824,0.80568,937.07,-837.81,30
2.1012,0.15462,1,585.8,-517.56,23.192
1.5594,0.23406,0.85447,773.84,-674.43,30
1.9368,0.15103,0.99998,544.76,-478.76,22.654
2.0625,0.2119,0.94382,813.09,-713.1,30
1.9176,0.22234,0.89952,821.51,-721.85,30
1.8373,0.21412,0.93401,769.43,-669.52,29.999
2.2451,0.24779,0.80712,1014.8,-915.51,30
1.795,0.16316,0.98667,566.55,-494.43,24.148
1.7329,0.23966,0.8345,840.31,-740.97,30
1.5491,0.19095,0.93854,619.66,-535.68,26.882
1.8686,0.21716,0.92097,788.89,-689.08,29.999
2.0074,0.18043,0.99999,671.31,-585.72,27.065
1.6506,0.22184,0.90151,753.65,-653.98,29.999
2.4332,0.23472,0.85208,1007.2,-907.8,30
1.7421,0.24626,0.81216,867.2,-767.92,30
2.3879,0.24036,0.8321,1021.1,-921.75,30
1.8519,0.16593,0.99726,586.46,-511.26,24.821
2.2518,0.18985,1,758.93,-666.38,28.478
1.939,0.18573,0.99998,678.65,-589.2,27.859
2.2045,0.15916,1,621.65,-550.53,23.874
1.6425,0.15999,0.95709,529.41,-462.68,22.968
2.0905,0.22448,0.89096,873.37,-773.76,30
1.7382,0.19717,0.97563,681.67,-587.45,28.855
2.2313,0.24245,0.82492,987.62,-888.31,30
2.0575,0.20275,0.9864,772.51,-672.17,29.998
2.0396,0.2057,0.97225,781.29,-681.07,29.999
2.1395,0.16551,1,636.14,-560.88,24.827
1.9538,0.22808,0.87687,853.73,-754.2,30
1.5477,0.2033,0.93821,662.69,-570.09,28.611
1.9679,0.22849,0.87531,858.96,-759.44,30
1.76,0.22543,0.8872,794.21,-694.63,30
1.8853,0.22727,0.87999,833.05,-733.5,30
1.9268,0.17076,0.99997,618.28,-539.48,25.614
2.0795,0.20227,0.98873,775.25,-674.88,29.998
1.7138,0.16348,0.971,553.91,-483.44,23.81
1.915,0.21994,0.90935,811.23,-711.5,30
1.544,0.17168,0.93752,552.27,-480.82,24.144
2.126,0.22971,0.87066,904.66,-805.16,30
2.2989,0.1822,1,735.64,-648.78,27.329
2.4421,0.19599,1,825.49,-728.2,29.399
2.2403,0.20979,0.95334,844.89,-744.83,30
1.679,0.24747,0.80817,853.9,-754.64,30
2.0485,0.24959,0.80133,966.66,-867.4,30
1.8432,0.15856,0.99571,557.55,-487.31,23.681
2.1036,0.1533,1,580.96,-513.55,22.994
1.5636,0.2322,0.8613,768.48,-669.03,30
2.2785,0.17334,1,693.98,-613.41,26.001
1.9445,0.24012,0.8329,899.54,-800.21,30
1.901,0.24374,0.82053,901.89,-802.6,30
1.5859,0.22875,0.87431,762.15,-662.63,29.999
2.182,0.17555,1,685.09,-602.97,26.333
2.4867,0.21244,0.94143,914.49,-814.52,30
2.2345,0.17878,1,708.59,-624.19,26.818
2.3212,0.21601,0.92586,892.33,-792.48,30
2.49,0.22321,0.89602,967.3,-867.66,30
2.4572,0.22252,0.89881,955.86,-856.2,30
1.9936,0.21775,0.91848,821.35,-721.55,30
1.6952,0.18638,0.96739,633.13,-548.01,27.046
2.4848,0.20087,0.99564,857.12,-756.69,30
1.7862,0.24712,0.80934,882.78,-783.51,30
2.256,0.21339,0.93726,864.87,-764.93,30
2.1426,0.22936,0.87197,907.43,-807.93,30
2.0671,0.16501,0.99999,621.22,-546.29,24.752
2.3923,0.1935,1,803.88,-708.53,29.025
2.2836,0.19031,1,767.42,-674.52,28.546
2.0897,0.17427,1,662.4,-581.18,26.14
1.9562,0.21496,0.9304,800.9,-701.02,29.999
1.5042,0.16455,0.92955,520.93,-454.67,22.943
1.5985,0.23778,0.84109,797.28,-697.92,30
1.746,0.19532,0.97717,676.41,-583.34,28.629
2.1098,0.17277,1,660.1,-579.93,25.915
1.6834,0.1581,0.96509,529.65,-463.15,22.887
2.3446,0.20656,0.96824,853.67,-753.48,30
1.6626,0.17381,0.96103,581.66,-505.87,25.056
2.0474,0.22312,0.89639,856.87,-757.23,30
1.6347,0.24933,0.80216,848,-748.74,30
2.2128,0.1673,1,656.62,-580.17,25.094
2.2185,0.17401,1,685.54,-604.5,26.101
2.3222,0.24191,0.82675,1010.2,-910.89,30
2.3915,0.1814,1,750.33,-664.05,27.209
1.6853,0.20077,0.96534,683.77,-588.53,29.071
2.4483,0.16769,1,700.89,-624.17,25.154
1.8665,0.24203,0.82634,885.72,-786.41,30
2.4034,0.21222,0.94243,893.95,-793.97,30
2.4459,0.24159,0.82785,1042.6,-943.31,30
1.9729,0.18746,0.99999,692.31,-601.56,28.119
2.1869,0.2393,0.83577,961.86,-862.52,30
2.1537,0.18721,1,727.84,-637.29,28.081
2.2926,0.18945,1,765.55,-673.31,28.418
1.9022,0.1703,0.99995,611.99,-533.51,25.544
1.7769,0.18912,0.98317,659.47,-570.04,27.891
2.1728,0.21072,0.94912,833.51,-733.48,30
2.2664,0.19868,1,799.92,-700.5,29.802
1.8802,0.1938,0.99986,698.08,-602.53,29.066
2.3636,0.23018,0.86889,967.99,-868.51,30
2.3012,0.1524,1,609.9,-543.05,22.86
2.3665,0.17055,1,698.39,-619.74,25.582
1.988,0.24511,0.81595,931.46,-832.18,30
1.9315,0.20539,0.97369,755.78,-655.56,29.998
2.0614,0.2346,0.85252,908.37,-808.96,30
1.8579,0.19967,0.99724,716.27,-616.53,29.868
2.0826,0.18103,1,688.36,-602.35,27.155
1.5822,0.19117,0.94514,627.33,-542.2,27.102
2.0271,0.17954,0.99999,671.58,-586.64,26.931
2.1181,0.15626,1,595.2,-525.93,23.44
2.4612,0.22439,0.89132,965.74,-866.13,30
1.5801,0.23185,0.8626,771.56,-672.11,30
1.8926,0.23885,0.83736,880.43,-781.08,30
2.1223,0.23838,0.839,940.47,-841.12,30
1.6672,0.20584,0.96144,698.51,-600.07,29.685
2.028,0.2103,0.951,798.27,-698.23,29.999
1.9073,0.21558,0.9277,791.84,-691.98,29.999
2.2395,0.19122,1,762.23,-668.64,28.683
1.6047,0.23709,0.84356,796.49,-697.12,30
1.5072,0.24668,0.81076,802.84,-703.57,30
2.2692,0.23355,0.85633,958.63,-859.21,30
2.4225,0.2175,0.91953,923.57,-823.77,30
1.9284,0.1888,0.99997,688.52,-596.77,28.319
2.0155,0.18858,0.99999,705.39,-613.81,28.286
1.9645,0.23092,0.86611,867.92,-768.45,30
1.5939,0.16112,0.94747,525.03,-458.72,22.898
2.1462,0.20397,0.98052,797.46,-697.17,29.999
1.9861,0.24864,0.80437,945.11,-845.85,30
1.9752,0.23102,0.86572,871.11,-771.64,30
2.3263,0.23215,0.8615,967.3,-867.85,30
1.6319,0.19414,0.95495,648.27,-559.56,27.809
1.9986,0.17857,0.99999,662.21,-577.97,26.785
2.1924,0.19462,1,766.85,-670.63,29.193
1.5148,0.15123,0.93168,478.42,-419.39,21.135
1.7792,0.16923,0.9836,586.13,-510.45,24.969
1.5111,0.22711,0.8806,737.35,-637.8,29.999
2.4142,0.19926,1,834.23,-734.34,29.889
1.5728,0.1893,0.94329,618.79,-535.24,26.784
2.0442,0.23024,0.86865,885.78,-786.29,30
2.4166,0.22983,0.87023,980.03,-880.54,30
1.8265,0.20543,0.97334,732.49,-632.29,29.994
2.3049,0.1543,1,618.45,-550.42,23.144
1.7746,0.23878,0.83758,848.32,-748.97,30
2.0301,0.18243,0.99999,683.69,-596.66,27.364
1.8793,0.246,0.81302,904.62,-805.34,30
1.6153,0.2238,0.89361,751.97,-652.34,29.999
2.2562,0.22789,0.87762,930.09,-830.56,30
2.2274,0.1807,1,715.29,-629.51,27.106
2.1997,0.23845,0.83874,961.65,-862.3,30
2.3852,0.2216,0.90252,933.75,-834.06,30
1.6004,0.15694,0.94877,511.8,-447.78,22.335
2.4838,0.19671,1,837.54,-739.69,29.506
1.6864,0.1961,0.96563,666.84,-575.03,28.404
1.675,0.15664,0.96346,523.13,-457.68,22.638
2.4631,0.1617,1,677.22,-604.46,24.255
2.3507,0.15086,1,611.54,-545.64,22.629
2.0188,0.20436,0.9786,770.91,-670.64,29.998
2.2036,0.18018,1,708.46,-623.06,27.027
2.3577,0.18682,1,767.38,-677.11,28.024
2.2873,0.15593,1,622.36,-553.3,23.39
1.934,0.17815,0.99998,648.12,-564.18,26.721
2.4412,0.21904,0.91306,935.41,-835.65,30
2.2655,0.16422,1,653.23,-578.83,24.632
2.1952,0.20664,0.96784,820.4,-720.22,29.999
2.0684,0.20832,0.96005,799.05,-698.94,29.999
2.0802,0.2113,0.94651,814.61,-714.6,30
1.8297,0.24445,0.81818,884.84,-785.55,30
1.7217,0.20143,0.97234,694.06,-597.15,29.378
2.4195,0.16367,1,678.15,-604.11,24.551
1.5614,0.18543,0.94101,603,-522.35,26.174
1.5329,0.21929,0.91191,715.7,-615.98,29.996
1.7442,0.1565,0.97688,533.97,-467.12,22.933
2.2433,0.22894,0.8736,931.41,-831.9,30
2.4078,0.23065,0.8671,981.6,-882.13,30
2.1324,0.16525,1,633.8,-558.72,24.787
1.9614,0.17127,0.99998,626.62,-547.47,25.69
2.4954,0.1882,1,801.34,-710.04,28.229
2.281,0.16123,1,643.44,-570.99,24.184
2.4125,0.23793,0.84059,1016.6,-917.2,30
2.4735,0.24728,0.80881,1076.8,-977.51,30
1.6085,0.20468,0.95021,681.16,-585.53,29.173
2.431,0.19213,1,805.84,-711.55,28.82
2.3614,0.20933,0.95543,870.55,-770.47,30
1.8963,0.24993,0.80021,924.68,-825.43,30
2.1129,0.19486,1,751.15,-654.75,29.23
2.4988,0.18194,1,773.77,-687.1,27.29
1.8532,0.22607,0.88469,820.17,-720.6,30
1.6327,0.18222,0.95514,605.82,-525.32,26.106
1.6372,0.24921,0.80255,848.27,-749.01,30
1.7714,0.22596,0.8851,799.1,-699.52,30
2.2877,0.24826,0.80561,1028.8,-929.58,30
2.4534,0.22551,0.88688,969.12,-869.53,30
2.3719,0.21419,0.93373,895.89,-795.99,30
1.7851,0.18718,0.98477,653.83,-565.58,27.65
1.5569,0.23443,0.85313,774.46,-675.05,30
2.3544,0.19797,1,815.66,-716.8,29.696
2.0704,0.20986,0.95298,806.17,-706.12,29.999
2.4411,0.24236,0.82521,1044.9,-945.59,30
2.4824,0.16514,1,695.76,-620.74,24.771
2.0855,0.15772,1,595.5,-525.3,23.658
1.8219,0.21948,0.91125,786.7,-686.96,29.999
1.9295,0.16539,0.99997,598.15,-522.98,24.807
1.6386,0.15247,0.9563,502.66,-440.4,21.872
2.0775,0.16637,1,628.47,-552.64,24.955
1.7017,0.19202,0.96862,655.03,-565.73,27.899
1.5761,0.23976,0.83415,798.14,-698.81,30
1.5594,0.1535,0.94062,493.3,-432.1,21.658
2.4069,0.22326,0.89584,946.86,-847.22,30
2.1814,0.20185,0.99079,795.69,-695.31,29.999
2.2159,0.2037,0.98179,811.69,-711.39,29.999
2.2676,0.17107,1,682.4,-603.39,25.661
1.7436,0.17681,0.9768,607.5,-527.65,25.907
2.1623,0.19445,1,759.81,-663.73,29.167
1.6892,0.23868,0.83795,824.88,-725.54,30
1.6109,0.15033,0.95086,490.88,-430.4,21.442
2.2346,0.24578,0.81373,1003,-903.76,30
2.2443,0.22069,0.90624,894.96,-795.25,30
2.48,0.22871,0.87446,991.08,-891.56,30
1.9915,0.2268,0.88183,858.1,-758.54,30
2.4741,0.22577,0.88587,975.54,-875.96,30
2.2712,0.24089,0.83027,991.68,-892.36,30
1.5977,0.24041,0.83189,806.3,-706.98,30
2.1694,0.20027,0.9986,785.91,-685.45,29.999
1.7888,0.17209,0.98548,598.36,-520.53,25.439
1.6681,0.21129,0.94633,718.95,-618.99,29.992
1.7448,0.23918,0.83618,841.77,-742.42,30
2.4969,0.18505,1,787.4,-698.46,27.757
2.2644,0.23993,0.83359,985.58,-886.25,30
2.4676,0.16094,1,674.67,-602.4,24.142
2.2418,0.16646,1,658.38,-582.49,24.969
2.3284,0.24595,0.81319,1030,-930.71,30
1.6141,0.16611,0.95148,545.81,-476.05,23.708
2.0214,0.22357,0.89458,852.3,-752.67,30
1.7824,0.22529,0.88774,799.33,-699.74,30
2.0824,0.16063,1,606.51,-534.45,24.095
2.1982,0.17784,1,697.67,-613.94,26.677
2.0562,0.16196,0.99999,607.21,-534.29,24.294
2.3826,0.15532,1,635.76,-567.09,23.298
2.1914,0.22374,0.8939,895.39,-795.76,30
1.6318,0.15114,0.95497,496.96,-435.6,21.65
1.9278,0.17648,0.99997,640.48,-557.72,26.471
1.8043,0.24144,0.82837,866.41,-767.1,30
1.9071,0.22232,0.89959,818.84,-719.18,30
1.5454,0.21938,0.91157,719.05,-619.32,29.996
2.1274,0.16596,1,635.8,-560.24,24.894
1.7517,0.20554,0.97224,716.17,-616.07,29.976
1.8616,0.22858,0.87498,832.11,-732.59,30
2.0752,0.15077,0.99999,566.32,-500.47,22.616
1.9488,0.19141,0.99998,702.98,-609.25,28.711
1.8784,0.16678,0.99983,594.31,-518.22,25.013
2.0621,0.24498,0.81638,951.56,-852.28,30
1.6673,0.16129,0.96194,538.19,-470.12,23.273
2.0122,0.22272,0.89797,846.5,-746.85,30
1.9828,0.23492,0.85134,888.93,-789.52,30
1.9879,0.18081,0.99999,668.99,-583.14,27.121
2.1377,0.24347,0.82146,966.21,-866.91,30
2.4938,0.18941,1,806.5,-714.29,28.411
1.8461,0.19508,0.99612,696.04,-600.1,29.149
1.6832,0.15842,0.96506,530.76,-464.07,22.933
2.1085,0.15154,1,574.78,-508.46,22.731
2.0868,0.15497,1,584.8,-516.34,23.246
1.5086,0.18768,0.93043,600,-519.38,26.193
2.1732,0.17046,1,662.44,-583.85,25.569
1.5249,0.18721,0.93372,601.74,-520.95,26.22
1.9663,0.16797,0.99999,614.71,-537.81,25.195
2.1254,0.19288,1,745.54,-650.68,28.931
2.2439,0.24903,0.80313,1019.8,-920.55,30
2.3108,0.24291,0.82334,1011.6,-912.25,30
2.3518,0.18921,1,776.6,-684.55,28.381
1.8507,0.24002,0.83327,873.63,-774.3,30
1.7178,0.21723,0.92066,752.93,-653.12,29.999
2.263,0.20391,0.98081,823.06,-722.76,29.999
2.3277,0.24999,0.80003,1047.9,-948.64,30
1.5415,0.21636,0.92409,707.51,-607.72,29.991
2.1,0.1617,1,613.84,-541.08,24.255
2.3943,0.20075,0.99627,836.87,-736.43,30
2.3779,0.23131,0.86464,976.88,-877.42,30
2.0353,0.17354,0.99999,649.28,-568.57,26.03
1.6859,0.21115,0.94697,722.6,-622.62,29.994
1.5296,0.20253,0.9346,655.92,-564.49,28.392
2.2894,0.23694,0.84409,979.08,-879.71,30
2.2773,0.24117,0.8293,994.6,-895.28,30
2.4485,0.15041,1,625.49,-559.87,22.562
2.1514,0.16141,1,621.63,-549.06,24.212
2.1558,0.15264,1,586.94,-519.94,22.896
2.2314,0.196,1,780.93,-683.64,29.4
1.633,0.23184,0.86266,785.29,-685.84,30
2.1224,0.1972,1,762.88,-664.64,29.58
2.3691,0.21461,0.93191,897.21,-797.31,30
1.5488,0.24689,0.81007,815.24,-715.97,30
2.2094,0.22193,0.90119,891.88,-792.21,30
1.5754,0.21152,0.94236,698.28,-598.85,29.899
2.1387,0.24191,0.82675,959.89,-860.58,30
2.1459,0.20868,0.95839,818.32,-718.21,30
1.7604,0.18741,0.97996,649.79,-562.07,27.548
1.7958,0.20152,0.98599,710.28,-610.98,29.804
2.0003,0.24122,0.82912,919.12,-819.8,30
1.6205,0.1657,0.95275,545.53,-475.86,23.681
2.2132,0.16407,1,643.33,-569.03,24.61
1.7275,0.20425,0.97291,705.89,-606.68,29.808
2.3656,0.18114,1,744.17,-658.08,27.172
2.3841,0.20756,0.96355,867.37,-767.22,30
2.2469,0.18357,1,731.21,-643.35,27.535
1.8448,0.16724,0.996,590.17,-514.25,24.986
2.2978,0.22093,0.90524,909.2,-809.5,30
2.4281,0.24327,0.82213,1045.5,-946.23,30
1.6945,0.23057,0.8674,796.66,-697.18,30
2.3192,0.22443,0.89113,930.43,-830.82,30
1.6558,0.23556,0.84902,804.69,-705.3,30
2.4547,0.24429,0.8187,1057.6,-958.32,30
1.6597,0.15201,0.96046,504.45,-442.02,21.9
2.3384,0.22718,0.88034,947.83,-848.28,30
1.5928,0.16347,0.94727,532.92,-465.25,23.227
1.6565,0.19345,0.95978,650.91,-561.94,27.85
1.776,0.2005,0.98269,702.18,-604.24,29.554
1.729,0.20934,0.95518,725.66,-625.61,29.994
2.0805,0.20836,0.95986,801.97,-701.85,29.999
1.6516,0.22167,0.9022,753.26,-653.58,29.999
2.2921,0.17806,1,716.64,-632.76,26.71
2.4443,0.15394,1,640.13,-572.32,23.091
2.4181,0.23264,0.85971,993.52,-894.08,30
1.8093,0.21209,0.94295,754.85,-654.88,29.998
2.4989,0.19686,1,841.48,-743.5,29.529
2.3093,0.18818,1,763.48,-672.19,28.227
1.6265,0.19435,0.9539,647.89,-559.2,27.808
1.9442,0.24445,0.81816,916.63,-817.34,30
1.8199,0.1623,0.99132,567.57,-495.45,24.134
1.5816,0.17417,0.94504,567.85,-493.9,24.69
1.5821,0.22636,0.88354,752.72,-653.16,29.999
1.8593,0.2067,0.96748,744.91,-644.74,29.997
2.1172,0.22151,0.90289,867.34,-767.65,30
1.7589,0.21164,0.9449,741.39,-641.41,29.997
2.433,0.2109,0.94831,894.53,-794.5,30
2.3463,0.23103,0.86569,967.41,-867.94,30
1.6937,0.17242,0.96711,582.4,-506.73,25.013
1.6968,0.24548,0.81474,851.67,-752.39,30
1.841,0.15886,0.9953,558.31,-487.93,23.716
1.8715,0.156,0.99967,552.65,-483.58,23.393
1.7202,0.23705,0.8437,827.27,-727.9,30
2.1864,0.22288,0.89736,890.36,-790.71,30
2.2176,0.1834,1,724.7,-636.96,27.51
2.0048,0.1784,0.99999,662.76,-578.64,26.76
1.9633,0.16855,0.99998,616.42,-539.13,25.282
2.0988,0.20842,0.9596,806.39,-706.28,29.999
1.5538,0.16362,0.9395,526.6,-459.73,23.058
2.0444,0.17604,0.99999,660.93,-578.48,26.405
2.3365,0.24807,0.80623,1041.8,-942.52,30
2.2374,0.23071,0.8669,937.73,-838.26,30
1.6984,0.1691,0.96801,571.34,-497.69,24.554
1.8395,0.15946,0.99502,560.28,-489.55,23.799
2.0545,0.22944,0.87167,885.12,-785.62,30
2.4594,0.21816,0.91676,935.59,-835.8,30
1.6815,0.24974,0.80082,862.79,-763.53,30
2.2746,0.196,1,790.09,-692.8,29.4
2.313,0.16949,1,684.03,-606.09,25.423
1.5655,0.23746,0.84224,787.28,-687.92,30
2.3431,0.15912,1,645.26,-574.18,23.867
2.2005,0.19197,1,757.35,-663.18,28.795
2.1406,0.21032,0.95091,824.33,-724.29,30
1.608,0.21066,0.94763,702.74,-603.02,29.944
2.334,0.23259,0.8599,971.28,-871.84,30
2.3357,0.1713,1,695.95,-616.78,25.695
2.4121,0.22246,0.89902,944.44,-844.78,30
2.3302,0.19904,1,815.2,-715.49,29.857
1.5897,0.22788,0.87762,760.06,-660.53,29.999
2.2699,0.17064,1,680.98,-602.26,25.595
2.0089,0.20978,0.95337,791.67,-691.61,29.999
1.9988,0.17925,0.99999,664.94,-580.21,26.887
2.047,0.17475,0.99999,656.28,-574.73,26.212
2.4227,0.18419,1,768.82,-680.5,27.629
1.6356,0.20562,0.95545,690.63,-593.4,29.468
2.4219,0.21851,0.9153,928.18,-828.4,30
1.8695,0.23824,0.83947,871.84,-772.49,30
2.0964,0.18788,1,719.02,-627.96,28.183
2.3211,0.15818,1,637.54,-567.05,23.727
1.7062,0.22518,0.88816,779.76,-680.17,29.999
1.7093,0.18137,0.97012,617.64,-535.61,26.392
1.8676,0.2462,0.81235,902.12,-802.85,30
1.6184,0.1964,0.95229,653.53,-563.63,28.054
1.7154,0.17016,0.97134,578.18,-503.44,24.792
1.6013,0.18563,0.94893,611.68,-529.77,26.422
1.6604,0.19661,0.96055,663.22,-571.85,28.328
2.0675,0.1866,1,707.94,-617.84,27.99
2.4248,0.21278,0.93994,901.62,-801.67,30
2.1658,0.24387,0.82011,975.67,-876.38,30
2.315,0.24795,0.8066,1035.2,-935.94,30
1.6045,0.15373,0.94958,501.44,-439.18,21.896
2.2033,0.2178,0.91827,872.14,-772.35,30
2.4573,0.17177,1,720.48,-641,25.765
1.9333,0.16711,0.99998,605.43,-529.1,25.065
1.8244,0.15447,0.99222,539.47,-472.18,22.991
1.8103,0.19236,0.98949,678.39,-585.58,28.551
1.9943,0.17701,0.99999,655.26,-572.12,26.552
1.5616,0.21328,0.93672,701.37,-601.61,29.968
1.5024,0.24361,0.82097,791.17,-691.87,30
1.8493,0.22427,0.89177,812.17,-712.55,30
2.3592,0.23937,0.83553,1008.8,-909.44,30
2.1074,0.23095,0.866,905.08,-805.61,30
2.3632,0.18424,1,757.21,-668.85,27.637
1.8524,0.217,0.92164,784.37,-684.55,29.999
1.764,0.21449,0.93239,753.55,-653.66,29.998
1.8923,0.21348,0.93684,779.78,-679.86,29.999
2.1896,0.20889,0.95743,829.22,-729.12,30
2.0429,0.21318,0.93817,813.94,-714,30
2.468,0.15981,1,669.76,-598.23,23.971
2.2057,0.19999,0.99999,792.46,-692,29.998
2.4019,0.15969,1,657.84,-586.38,23.954
2.3914,0.17778,1,734.48,-650.8,26.667
2.442,0.1582,1,658.28,-587.78,23.731
1.6072,0.16381,0.95012,536.61,-468.4,23.346
2.0141,0.16993,0.99999,631.09,-552.86,25.489
1.7121,0.19836,0.97062,680.56,-586.26,28.879
2.1964,0.23215,0.86151,933.41,-833.96,30
2.2565,0.15713,1,622.14,-552.32,23.57
1.8941,0.19946,0.9999,723.14,-623.12,29.916
2.0614,0.18903,0.99999,716.57,-624.64,28.354
2.0881,0.23238,0.86066,906.11,-806.66,30
1.9549,0.21829,0.91619,814.26,-714.48,30
2.448,0.15292,1,636.3,-569.13,22.938
2.324,0.24707,0.8095,1033.8,-934.52,30
1.5365,0.16548,0.93603,529.83,-462.28,23.234
2.1712,0.18826,1,735.78,-644.43,28.24
2.2065,0.17664,1,694.28,-611.39,26.497
1.8993,0.17185,0.99994,617.37,-537.83,25.777
1.5841,0.19557,0.94551,643.3,-555.05,27.738
1.646,0.15006,0.95777,495.51,-434.48,21.559
1.8023,0.17575,0.98802,614.38,-533.74,26.047
1.8752,0.22832,0.87596,834.58,-735.06,30
1.772,0.18984,0.98221,661.17,-571.38,27.969
1.6136,0.24865,0.80434,839.63,-740.37,30
1.6795,0.15639,0.96433,522.96,-457.57,22.621
2.4279,0.1627,1,675.43,-602.02,24.406
2.2195,0.21551,0.92804,865.81,-765.94,30
2.3171,0.20224,0.98889,827.2,-726.83,29.999
2.2592,0.2335,0.85652,955.8,-856.37,30
1.9538,0.20114,0.99416,742.94,-642.54,29.994
1.9238,0.21518,0.92946,794.11,-694.24,29.999
1.9419,0.1939,0.99998,711.4,-615.74,29.085
1.6411,0.20264,0.95667,680.99,-585.79,29.079
2.4843,0.16817,1,709.53,-632.49,25.226
2.2242,0.19045,1,755.82,-662.81,28.568
2.0782,0.19418,1,741.08,-645.21,29.128
1.5464,0.23623,0.84663,777.93,-678.55,30
1.5072,0.24848,0.8049,808.89,-709.63,30
2.1141,0.15584,1,592.82,-523.82,23.376
1.9789,0.21678,0.92259,813.8,-713.98,30
2.0267,0.20292,0.98553,766.5,-666.17,29.998
1.5512,0.23578,0.84825,777.65,-678.26,30
2.4737,0.21256,0.94092,912.01,-812.04,30
2.1826,0.21524,0.92919,855.84,-755.97,30
1.8631,0.21964,0.91055,797.41,-697.67,30
2.3804,0.15427,1,630.93,-562.91,23.141
1.5712,0.21867,0.91453,722.79,-623.04,29.997
1.6429,0.20408,0.95698,686.64,-590.31,29.295
2.1344,0.21646,0.92396,849.69,-749.85,30
2.3562,0.20169,0.99163,833.1,-732.7,30
1.9567,0.20319,0.98421,752.19,-651.88,29.997
2.048,0.23734,0.84268,916.17,-816.8,30
2.3024,0.15695,1,629.19,-559.48,23.543
1.981,0.16888,0.99999,620.94,-543.42,25.332
2.1323,0.18201,1,702.1,-615.37,27.302
1.7362,0.20774,0.96239,721.18,-621.09,29.99
1.5149,0.19023,0.93168,610.03,-527.54,26.584
2.0025,0.17296,0.99999,640.84,-560.53,25.943
1.8348,0.23773,0.84129,860.54,-761.18,30
2.2283,0.15133,1,593.51,-527.32,22.699
2.2813,0.23947,0.83517,988.18,-888.84,30
1.5998,0.18291,0.94864,601.81,-521.76,26.027
2.4104,0.15795,1,651.76,-581.42,23.692
1.8431,0.17302,0.99569,611.54,-531.76,25.841
1.7393,0.24623,0.81226,866.3,-767.03,30
2.2782,0.20522,0.97454,832.52,-732.28,30
1.5724,0.17633,0.94321,573.6,-498.54,24.948
1.7939,0.17367,0.98646,605.13,-526.12,25.698
1.5435,0.24465,0.81747,806.09,-706.8,30
1.9468,0.23168,0.86327,866.38,-766.93,30
2.4788,0.238,0.84033,1034.7,-935.36,30
2.2833,0.18602,1,748.92,-659.25,27.903
2.2513,0.15328,1,605.33,-537.94,22.992
2.3525,0.21749,0.9196,906.65,-806.85,30
1.7994,0.19531,0.98738,687.36,-592.65,28.927
2.0164,0.16431,0.99999,609.42,-534.96,24.646
1.6234,0.17225,0.95332,568.92,-495.12,24.632
1.6753,0.19644,0.96346,665.75,-574.03,28.39
1.7191,0.21011,0.95169,726.32,-626.3,29.994
1.6865,0.22752,0.87902,783.42,-683.88,30
2.0642,0.24669,0.81073,959.19,-859.91,30
2.0588,0.16741,0.99999,629.24,-552.72,25.111
2.0113,0.15407,0.99999,568.67,-500.78,23.11
2.2387,0.18176,1,721.95,-635.41,27.264
1.5695,0.22698,0.8811,751.74,-652.19,29.999
2.1601,0.22939,0.87188,912.04,-812.54,30
1.7323,0.1981,0.97449,683.9,-589.17,28.957
1.9589,0.24242,0.82502,912.6,-813.29,30
2.3451,0.22112,0.90448,921.66,-821.96,30
2.4872,0.18068,1,765.88,-680.12,27.103
1.9653,0.18976,0.99999,699.84,-607.36,28.463
1.6773,0.20659,0.96298,703.51,-604.22,29.841
1.67,0.19375,0.96244,654.85,-565.25,27.972
2.0729,0.20346,0.98293,779.03,-678.71,29.999
1.5264,0.17746,0.934,568.64,-494.06,24.862
2.4098,0.21484,0.93093,907.89,-808,30
2.0687,0.18587,1,705.21,-615.65,27.88
1.7562,0.17872,0.9792,616.83,-535.35,26.25
2.2615,0.16111,1,639.56,-567.19,24.167
1.9766,0.19339,0.99999,716.63,-621.37,29.009
2.462,0.1869,1,788.73,-698.4,28.035
1.7977,0.16966,0.98718,590.95,-514.53,25.122
2.439,0.21595,0.92614,920.13,-820.28,30
1.8734,0.18874,0.99975,677.11,-585.44,28.304
1.99,0.18847,0.99999,699.77,-608.27,28.27
1.9107,0.16444,0.99996,591.17,-516.62,24.664
1.903,0.16461,0.99995,590.48,-515.82,24.691
1.7499,0.2241,0.89246,786.66,-687.04,30
1.7866,0.19931,0.98479,699.91,-602.54,29.442
1.7687,0.24404,0.81952,866.39,-767.1,30
1.9506,0.23618,0.84681,885.43,-786.04,30
1.8295,0.17722,0.99318,624.85,-542.5,26.401
1.6252,0.22645,0.88318,763.97,-664.41,29.999
1.8233,0.24177,0.82722,872.88,-773.57,30
2.0243,0.20519,0.97468,775.67,-675.43,29.999
2.174,0.15561,1,601.98,-533.12,23.341
1.7248,0.15199,0.97314,514.73,-450.99,22.186
1.8658,0.16828,0.99933,597.69,-520.66,25.225
2.4363,0.15476,1,642.35,-574.02,23.214
2.1137,0.19858,1,766.77,-667.43,29.787
1.7229,0.15663,0.97276,530.94,-464.48,22.854
1.9722,0.20612,0.97026,767.95,-667.75,29.998
1.5181,0.20204,0.9323,651.66,-560.95,28.254
2.3971,0.24747,0.80817,1056.2,-956.93,30
2.1481,0.17273,1,667.11,-586.96,25.91
1.7632,0.18892,0.98053,655.99,-567.12,27.786
1.993,0.24955,0.80143,950.73,-851.47,30
1.831,0.23671,0.8449,855.62,-756.25,30
2.4719,0.22966,0.87084,993.51,-894.01,30
2.2494,0.23844,0.83879,974.97,-875.61,30
1.6029,0.19171,0.94923,633.53,-547.42,27.296
1.9088,0.23648,0.84574,875.48,-776.1,30
1.6481,0.21996,0.90921,746.16,-646.44,29.999
1.5358,0.23586,0.84796,773.83,-674.44,30
2.4041,0.17509,1,725.17,-643.37,26.264
2.1057,0.16018,1,608.74,-536.97,24.027
1.7803,0.15179,0.98387,522.74,-457.98,22.401
2.1109,0.23005,0.86936,902.2,-802.71,30
2.3996,0.23463,0.8524,997.89,-898.49,30
2.4143,0.15557,1,642.19,-573.35,23.336
2.0233,0.15239,0.99999,564.15,-497.3,22.858
2.0402,0.20334,0.98351,771.28,-670.96,29.998
1.8375,0.1848,0.99465,654.98,-567.01,27.571
1.9387,0.18186,0.99998,663.49,-576.88,27.279
2.1438,0.23789,0.84072,944.2,-844.84,30
1.5952,0.18302,0.94772,601.29,-521.29,26.018
1.9971,0.24883,0.80375,948.98,-849.72,30
1.8324,0.20814,0.9608,744.59,-644.48,29.997
1.9689,0.18381,0.99999,677.09,-589.05,27.571
2.2983,0.20018,0.99908,813.36,-712.9,29.999
2.4161,0.21393,0.93486,905.1,-805.18,30
2.3493,0.22802,0.8771,954.44,-854.9,30
2.0188,0.20794,0.96179,786.16,-686.03,29.999
2.373,0.20723,0.96512,863.25,-763.09,30
2.4023,0.18228,1,756.34,-669.42,27.342
1.6455,0.17994,0.95767,600.22,-520.89,25.849
1.6904,0.20913,0.95595,716,-615.98,29.987
2.0906,0.23338,0.85695,911,-811.57,30
1.9175,0.23288,0.8588,863.55,-764.11,30
2.3663,0.16053,1,655.29,-583.29,24.079
2.2729,0.1574,1,626.06,-556.07,23.61
2.1293,0.16285,1,623.6,-550.09,24.428
1.812,0.17442,0.98988,611.2,-531.23,25.899
1.9848,0.24763,0.80766,940.69,-841.42,30
1.8071,0.17141,0.98891,599.09,-521.29,25.426
1.815,0.22004,0.90892,787.21,-687.48,29.999
1.7404,0.22042,0.90734,770.44,-670.72,29.999
2.21,0.17828,1,701.75,-617.71,26.741
1.735,0.24215,0.82594,850.06,-750.75,30
2.1204,0.17954,1,689.67,-604.73,26.931
1.9246,0.19127,0.99997,697.44,-603.81,28.69
2.3405,0.15727,1,636.97,-567.06,23.59
1.7526,0.15313,0.97851,523.22,-458.23,22.476
2.0065,0.18004,0.99999,669.56,-584.26,27.005
1.9617,0.20597,0.97097,764.94,-664.74,29.998
1.5675,0.19114,0.94222,624.18,-539.52,27.014
2.4509,0.18488,1,777.48,-688.65,27.732
1.5637,0.18621,0.94147,606.17,-524.94,26.297
1.8166,0.20959,0.95418,746.7,-646.64,29.997
1.748,0.22493,0.88916,789.3,-689.71,30
2.0299,0.16767,0.99999,625.07,-548.37,25.151
2.3795,0.21578,0.92687,905.13,-805.27,30
1.5902,0.23028,0.86851,768.63,-669.15,29.999
2.301,0.16301,1,654.43,-580.82,24.451
1.6732,0.19064,0.96309,644.2,-556.73,27.541
1.9155,0.19888,0.99996,725.45,-625.88,29.831
1.9433,0.17399,0.99998,633.77,-552.75,26.098
2.3924,0.16219,1,666.96,-593.89,24.328
1.8858,0.20696,0.96631,751.94,-651.78,29.997
1.5003,0.16699,0.92876,528.38,-460.8,23.263
2.1183,0.20127,0.99363,779.33,-678.92,29.998
2.3758,0.22136,0.90352,930.31,-830.62,30
2.2914,0.23406,0.85447,966.76,-867.34,30
1.9204,0.23426,0.85377,869.75,-770.33,30
1.8774,0.21375,0.93562,777.41,-677.5,29.999
2.4301,0.19008,1,796.48,-703.76,28.512
1.7912,0.21287,0.93951,753.66,-653.72,29.998
1.6623,0.15646,0.96097,520.4,-455.33,22.553
2.1956,0.22391,0.89322,897.19,-797.57,30
1.7306,0.21775,0.91844,757.98,-658.19,29.999
1.5314,0.19301,0.93499,623.11,-538.26,27.069
2.1856,0.15862,1,616.19,-545.42,23.793
1.5232,0.1948,0.93334,627.59,-541.77,27.272
1.9015,0.22898,0.87344,843.93,-744.42,30
1.5043,0.19565,0.92954,626.47,-540.64,27.28
1.9758,0.18242,0.99999,672.99,-585.96,27.363
2.4945,0.19273,1,821.71,-726.96,28.909
1.54,0.16492,0.93673,528.55,-461.24,23.172
2.1037,0.24273,0.82395,953.74,-854.43,30
2.3868,0.19965,1,830.05,-729.85,29.947
1.5785,0.16034,0.94441,519.72,-454.21,22.715
1.8553,0.21615,0.92526,781.7,-681.86,29.999
1.9719,0.22022,0.90817,826.28,-726.55,30
1.6163,0.20631,0.95165,688.82,-591.72,29.45
2.4352,0.23394,0.85494,1004.1,-904.64,30
2.3886,0.20453,0.97785,853.87,-753.59,30
2.2229,0.22919,0.87263,927.32,-827.82,30
2.3062,0.24727,0.80882,1029.7,-930.43,30
2.1786,0.18552,1,725.81,-636.51,27.828
2.0301,0.16338,0.99999,608.24,-534.39,24.508
2.1767,0.22763,0.8786,908.68,-809.14,30
2.2524,0.24657,0.81113,1011.5,-912.19,30
2.0331,0.24307,0.82282,935.64,-836.34,30
2.1469,0.18271,1,707.87,-620.64,27.407
1.8261,0.18141,0.99253,639.99,-554.77,27.008
1.7118,0.21434,0.93301,740.64,-640.75,29.998
2.478,0.18043,1,762.95,-677.36,27.065
1.5339,0.22303,0.89667,729,-629.37,29.998
1.8833,0.18645,0.99989,670.26,-580.29,27.964
1.703,0.17327,0.96891,587.12,-510.68,25.182
1.5175,0.16922,0.93222,539.02,-469.71,23.663
2.0943,0.22478,0.88977,875.59,-775.99,30
2.1671,0.23525,0.85017,939.11,-839.71,30
1.6523,0.23302,0.85827,794.61,-695.17,30
1.8577,0.24025,0.83246,876.42,-777.1,30
2.3044,0.1625,1,652.9,-579.62,24.376
2.0514,0.21894,0.9135,840.29,-740.54,30
2.0923,0.22217,0.90019,864.03,-764.36,30
2.2543,0.18375,1,733.44,-645.45,27.562
2.4643,0.17899,1,753.84,-669.3,26.848
1.7786,0.17964,0.98352,624.45,-541.73,26.502
2.4914,0.18529,1,787.41,-698.28,27.794
2.1569,0.17034,1,658.94,-580.43,25.551
2.0369,0.201,0.99495,760.42,-660.01,29.997
1.7042,0.21707,0.92131,749.07,-649.26,29.998
2.1925,0.23159,0.8636,929.95,-830.49,30
2.1538,0.19741,1,770.43,-672.02,29.611
1.7662,0.24532,0.81527,870.46,-771.18,30
1.5874,0.20465,0.94606,676.35,-581.45,29.042
1.6653,0.19477,0.96151,657.54,-567.35,28.091
1.8017,0.19872,0.98767,700.84,-603.45,29.441
1.9372,0.20495,0.97577,755.22,-654.98,29.997
1.6291,0.17427,0.95444,577.05,-501.83,24.949
1.5545,0.20717,0.93947,677.91,-582.26,29.195
2.1314,0.18022,1,694.58,-609.15,27.033
2.1583,0.17912,1,695.28,-610.64,26.868
2.4896,0.16877,1,713.12,-635.68,25.315
1.9303,0.22607,0.88467,839.65,-740.08,30
1.8899,0.19086,0.99992,688.68,-595.38,28.627
1.5118,0.18449,0.93108,589.74,-511.11,25.766
1.8861,0.21183,0.94413,771.71,-671.73,29.999
1.8918,0.1976,0.99992,715.38,-616.83,29.638
1.9046,0.2123,0.94205,777.91,-677.94,29.999
2.2339,0.17539,1,694.24,-612.23,26.309
1.9349,0.15099,0.99997,544.32,-478.34,22.649
1.7557,0.17489,0.97911,602.68,-523.81,25.686
1.9191,0.21059,0.94966,774.35,-674.32,29.999
2.0536,0.23372,0.85573,902.65,-803.23,30
2.4624,0.1551,1,648.19,-579.66,23.265
1.8975,0.19709,0.99994,714.55,-616.41,29.561
2.2957,0.15931,1,637.93,-566.72,23.896
2.3227,0.24073,0.83081,1005,-905.69,30
2.0384,0.17599,0.99999,659.62,-577.2,26.399
